,time,Mpns,Rpns
0,0.25,0.08243165604608102,83.6695005382812
1,0.251,0.10005380336811294,87.74288119469291
2,0.252,0.12107296999439313,92.01457103025939
3,0.253,0.1458943051793868,96.49422456388119
4,0.254,0.16731044923527047,98.81518265812849
5,0.255,0.1917978375428926,101.191966336752
6,0.256,0.2113285133657062,101.191966336752
7,0.257,0.24228022140843383,103.62591836241599
8,0.258,0.26820383920122015,103.62591836241599
9,0.259,0.2892483768695394,101.191966336752
10,0.26,0.32253357769496516,101.191966336752
11,0.261,0.31841068307644366,89.8533448130267
12,0.262,0.20516054406941936,52.0139732502246
13,0.263,0.08920811719646059,23.1
14,0.264,0.25925778997713506,26.107883587706002
15,0.265,0.4277811397420973,44.041644672301004
16,0.266,0.47976778105428836,48.434292256050504
17,0.267,0.5135595047849384,55.858221257215
18,0.268,0.5374633240373484,61.429436466450106
19,0.269,0.5533677474566179,62.9069875679409
20,0.27,0.5708490163343815,62.9069875679409
21,0.271,0.5854539014005515,64.4200779382756
22,0.272,0.5973562420803016,65.9695623970465
23,0.273,0.6067932494393302,67.5563163246665
24,0.274,0.6178683655782269,70.8452398913779
25,0.275,0.6244264592719277,70.8452398913779
26,0.276,0.6309173215920628,70.8452398913779
27,0.277,0.6400010333112666,72.5492676060722
28,0.278,0.6446288191481672,72.5492676060722
29,0.279,0.6510760666274273,74.2942819905399
30,0.28,0.6550612872637107,74.2942819905399
31,0.281,0.6584763166164385,74.2942819905399
32,0.282,0.6593282764158942,72.5492676060722
33,0.283,0.6667914908031393,74.2942819905399
34,0.284,0.6707887728020149,74.2942819905399
35,0.285,0.6740999446659808,74.2942819905399
36,0.286,0.6771356491613338,74.2942819905399
37,0.287,0.6799226508460925,74.2942819905399
38,0.288,0.6824276915227766,74.2942819905399
39,0.289,0.6826492965305246,72.5492676060722
40,0.29,0.6887434640578761,74.2942819905399
41,0.291,0.6885920309007184,72.5492676060722
42,0.292,0.6913100105389978,72.5492676060722
43,0.293,0.6940805173249199,72.5492676060722
44,0.294,0.6964499665637908,72.5492676060722
45,0.295,0.6987872484244492,72.5492676060722
46,0.296,0.7013976373212627,72.5492676060722
47,0.297,0.7039661326731509,72.5492676060722
48,0.298,0.706471078556863,72.5492676060722
49,0.299,0.7090351033768875,72.5492676060722
50,0.3,0.7115828953341982,72.5492676060722
51,0.301,0.7139110094173674,72.5492676060722
52,0.302,0.7163877470855772,72.5492676060722
53,0.303,0.7187065529140926,72.5492676060722
54,0.304,0.7210513793418046,72.5492676060722
55,0.305,0.7204686858535989,70.8452398913779
56,0.306,0.7229085234888004,70.8452398913779
57,0.307,0.7251420750953388,70.8452398913779
58,0.308,0.7275777389865928,70.8452398913779
59,0.309,0.7298053898241578,70.8452398913779
60,0.31,0.7319952395868193,70.8452398913779
61,0.311,0.7342617634234679,70.8452398913779
62,0.312,0.736307447382977,70.8452398913779
63,0.313,0.7384521883206757,70.8452398913779
64,0.314,0.7378881280374393,69.1812361569147
65,0.315,0.7400322679462773,69.1812361569147
66,0.316,0.7422117927939983,69.1812361569147
67,0.317,0.7441939004894005,69.1812361569147
68,0.318,0.7460236217590465,69.1812361569147
69,0.319,0.747790199050902,69.1812361569147
70,0.32,0.7497819103096754,69.1812361569147
71,0.321,0.7518392644697689,69.1812361569147
72,0.322,0.753918827226897,69.1812361569147
73,0.323,0.7556834243930425,69.1812361569147
74,0.324,0.7574094800182495,69.1812361569147
75,0.325,0.7568186517369636,67.5563163246665
76,0.326,0.7588028966518703,67.5563163246665
77,0.327,0.7606736826332933,67.5563163246665
78,0.328,0.7625304680445576,67.5563163246665
79,0.329,0.7643184865199798,67.5563163246665
80,0.33,0.7662081028297273,67.5563163246665
81,0.331,0.768018358671555,67.5563163246665
82,0.332,0.7699537763499193,67.5563163246665
83,0.333,0.7717295688091728,67.5563163246665
84,0.334,0.7709823905812188,65.9695623970465
85,0.335,0.7727955449961402,65.9695623970465
86,0.336,0.7746284038819053,65.9695623970465
87,0.337,0.7765741792873494,65.9695623970465
88,0.338,0.7783234505948811,65.9695623970465
89,0.339,0.7798864158315262,65.9695623970465
90,0.34,0.7815501737083864,65.9695623970465
91,0.341,0.7832628640870245,65.9695623970465
92,0.342,0.782824907234106,64.4200779382756
93,0.343,0.7846173421860021,64.4200779382756
94,0.344,0.7863066009782227,64.4200779382756
95,0.345,0.7879457271193079,64.4200779382756
96,0.346,0.7895735647021932,64.4200779382756
97,0.347,0.7911249431206643,64.4200779382756
98,0.348,0.7926881843627389,64.4200779382756
99,0.349,0.7941713422473995,64.4200779382756
100,0.35,0.7938691492653146,62.9069875679409
101,0.351,0.7956143184044093,62.9069875679409
102,0.352,0.7972723278854649,62.9069875679409
103,0.353,0.7987828829033778,62.9069875679409
104,0.354,0.8001796555285255,62.9069875679409
105,0.355,0.8016548411428769,62.9069875679409
106,0.356,0.803087568485833,62.9069875679409
107,0.357,0.8045917489129477,62.9069875679409
108,0.358,0.8041662386923328,61.429436466450106
109,0.359,0.805448947753177,61.429436466450106
110,0.36,0.8068521036658526,61.429436466450106
111,0.361,0.8084136876068826,61.429436466450106
112,0.362,0.8100110533272259,61.429436466450106
113,0.363,0.8113096369963375,61.429436466450106
114,0.364,0.8126368050012914,61.429436466450106
115,0.365,0.8141148481726194,61.429436466450106
116,0.366,0.8153034596120964,61.429436466450106
117,0.367,0.8148092894368237,59.986589892101996
118,0.368,0.8162037051375847,59.986589892101996
119,0.369,0.8174586238206893,59.986589892101996
120,0.37,0.8185759783069504,59.986589892101996
121,0.371,0.8198665068183569,59.986589892101996
122,0.372,0.8212440573267653,59.986589892101996
123,0.373,0.8226274059141687,59.986589892101996
124,0.374,0.8238972523252255,59.986589892101996
125,0.375,0.8252256706502727,59.986589892101996
126,0.376,0.8246085438478651,58.5776327094993
127,0.377,0.8255813228999576,58.5776327094993
128,0.378,0.8269150103488865,58.5776327094993
129,0.379,0.8283797818167121,58.5776327094993
130,0.38,0.8294262661477768,58.5776327094993
131,0.381,0.8303350464538573,58.5776327094993
132,0.382,0.831653179901457,58.5776327094993
133,0.383,0.8330017470376498,58.5776327094993
134,0.384,0.8342682407377273,58.5776327094993
135,0.385,0.8353323216682915,58.5776327094993
136,0.386,0.8346954585498823,57.2017689290383
137,0.387,0.8358469705834073,57.2017689290383
138,0.388,0.8371639790803497,57.2017689290383
139,0.389,0.8384011241517136,57.2017689290383
140,0.39,0.839396775218223,57.2017689290383
141,0.391,0.8403494800125729,57.2017689290383
142,0.392,0.8415154774385908,57.2017689290383
143,0.393,0.8426925028033573,57.2017689290383
144,0.394,0.8437019414692124,57.2017689290383
145,0.395,0.8433031539572171,55.858221257215
146,0.396,0.8444258872862805,55.858221257215
147,0.397,0.8452292637469737,55.858221257215
148,0.398,0.846299650793593,55.858221257215
149,0.399,0.8474268923544314,55.858221257215
150,0.4,0.8482265532469614,55.858221257215
151,0.401,0.8492205460804956,55.858221257215
152,0.402,0.850313712410163,55.858221257215
153,0.403,0.8514545589350718,55.858221257215
154,0.404,0.8520566019696352,55.858221257215
155,0.405,0.8518338560474576,54.5462306574939
156,0.406,0.8529178351503662,54.5462306574939
157,0.407,0.8539553756566023,54.5462306574939
158,0.408,0.8548428112584715,54.5462306574939
159,0.409,0.855914045334413,54.5462306574939
160,0.41,0.8568937287074865,54.5462306574939
161,0.411,0.8577692968163633,54.5462306574939
162,0.412,0.8585921970280829,54.5462306574939
163,0.413,0.8582486390583888,53.2650559214901
164,0.414,0.8591114819130713,53.2650559214901
165,0.415,0.86000227185151,53.2650559214901
166,0.416,0.8610261403895194,53.2650559214901
167,0.417,0.8617422639409367,53.2650559214901
168,0.418,0.8625276122149012,53.2650559214901
169,0.419,0.8634581957614786,53.2650559214901
170,0.42,0.8643906174897062,53.2650559214901
171,0.421,0.865093678847639,53.2650559214901
172,0.422,0.8658584253452549,53.2650559214901
173,0.423,0.8666846490465379,53.2650559214901
174,0.424,0.8664104426715752,52.0139732502246
175,0.425,0.8672098876792467,52.0139732502246
176,0.426,0.8679936873240817,52.0139732502246
177,0.427,0.8689639557085973,52.0139732502246
178,0.428,0.8697588207673252,52.0139732502246
179,0.429,0.870630088124275,52.0139732502246
180,0.43,0.8713443541191468,52.0139732502246
181,0.431,0.8720651146959558,52.0139732502246
182,0.432,0.8729923768425593,52.0139732502246
183,0.433,0.8727847556300529,50.792275845214206
184,0.434,0.8733658526248003,50.792275845214206
185,0.435,0.8740030603728113,50.792275845214206
186,0.436,0.8749078928940784,50.792275845214206
187,0.437,0.8757093934644924,50.792275845214206
188,0.438,0.8764549446582158,50.792275845214206
189,0.439,0.8771719128389426,50.792275845214206
190,0.44,0.8779201769949325,50.792275845214206
191,0.441,0.8786369166373392,50.792275845214206
192,0.442,0.8794228898351901,50.792275845214206
193,0.443,0.8790716487110612,49.599273509165805
194,0.444,0.8797821617266837,49.599273509165805
195,0.445,0.8806005845847507,49.599273509165805
196,0.446,0.8812610584050106,49.599273509165805
197,0.447,0.8820350083647351,49.599273509165805
198,0.448,0.8827346307598868,49.599273509165805
199,0.449,0.8834737345779602,49.599273509165805
200,0.45,0.8842351930803833,49.599273509165805
201,0.451,0.8847820991295962,49.599273509165805
202,0.452,0.8854618967273621,49.599273509165805
203,0.453,0.8852949138287759,48.434292256050504
204,0.454,0.8859206789202664,48.434292256050504
205,0.455,0.8864543776698985,48.434292256050504
206,0.456,0.8872097402924649,48.434292256050504
207,0.457,0.8879244100750185,48.434292256050504
208,0.458,0.888439488491238,48.434292256050504
209,0.459,0.8892192001624731,48.434292256050504
210,0.46,0.889906558371336,48.434292256050504
211,0.461,0.8903432582454277,48.434292256050504
212,0.462,0.8901648886131737,47.2966739303349
213,0.463,0.8909281715146647,47.2966739303349
214,0.464,0.8914589498575757,47.2966739303349
215,0.465,0.8921883208948244,47.2966739303349
216,0.466,0.8927272779658911,47.2966739303349
217,0.467,0.8934274184880853,47.2966739303349
218,0.468,0.89392413678422,47.2966739303349
219,0.469,0.8945431313780173,47.2966739303349
220,0.47,0.8951652445980779,47.2966739303349
221,0.471,0.8957199376259244,47.2966739303349
222,0.472,0.896382956787985,47.2966739303349
223,0.473,0.8968919641360481,47.2966739303349
224,0.474,0.8967693662153067,46.185775835156804
225,0.475,0.8972767538978552,46.185775835156804
226,0.476,0.8979182591249047,46.185775835156804
227,0.477,0.8984891154223326,46.185775835156804
228,0.478,0.8991189686460456,46.185775835156804
229,0.479,0.8996982740697469,46.185775835156804
230,0.48,0.9002090973055511,46.185775835156804
231,0.481,0.9007506101925938,46.185775835156804
232,0.482,0.9012200358417181,46.185775835156804
233,0.483,0.9018748878459858,46.185775835156804
234,0.484,0.9024557618792065,46.185775835156804
235,0.485,0.9022687061629024,45.100970369234
236,0.486,0.9028576029719634,45.100970369234
237,0.487,0.9033726303888728,45.100970369234
238,0.488,0.9039774823523484,45.100970369234
239,0.489,0.9045138593147554,45.100970369234
240,0.49,0.9050939871670157,45.100970369234
241,0.491,0.9056409778882407,45.100970369234
242,0.492,0.9061892077786172,45.100970369234
243,0.493,0.906754481917751,45.100970369234
244,0.494,0.9073232454960679,45.100970369234
245,0.495,0.9072072412624917,44.041644672301004
246,0.496,0.9077963630088983,44.041644672301004
247,0.497,0.9082924135945585,44.041644672301004
248,0.498,0.9088317087293878,44.041644672301004
249,0.499,0.9092703782587293,44.041644672301004
250,0.5,0.9098493138261939,44.041644672301004
251,0.501,0.9102774979252767,44.041644672301004
252,0.502,0.9108009629796309,44.041644672301004
253,0.503,0.9112820675788279,44.041644672301004
254,0.504,0.911115267619562,43.0072002788743
255,0.505,0.9116171776418965,43.0072002788743
256,0.506,0.9120142054455376,43.0072002788743
257,0.507,0.9124135978089196,43.0072002788743
258,0.508,0.9129252406066177,43.0072002788743
259,0.509,0.913408814211557,43.0072002788743
260,0.51,0.9138240574584023,43.0072002788743
261,0.511,0.914291280015182,43.0072002788743
262,0.512,0.9145257732434733,43.0072002788743
263,0.513,0.9150326317779724,43.0072002788743
264,0.514,0.9154139944751422,43.0072002788743
265,0.515,0.9152793402494,41.9970527801492
266,0.516,0.9157225834494052,41.9970527801492
267,0.517,0.9161521498922401,41.9970527801492
268,0.518,0.9165978115734186,41.9970527801492
269,0.519,0.9169634339093288,41.9970527801492
270,0.52,0.9173745235873557,41.9970527801492
271,0.521,0.9177589286748994,41.9970527801492
272,0.522,0.9181398564731874,41.9970527801492
273,0.523,0.9179609224174031,41.0106314938389
274,0.524,0.918430518100302,41.0106314938389
275,0.525,0.9187424583779222,41.0106314938389
276,0.526,0.9191507688301166,41.0106314938389
277,0.527,0.9194829893808848,41.0106314938389
278,0.528,0.91979680678388,41.0106314938389
279,0.529,0.9201639295519396,41.0106314938389
280,0.53,0.9204650421670076,41.0106314938389
281,0.531,0.9202849306340832,40.0473791417673
282,0.532,0.9206610493697741,40.0473791417673
283,0.533,0.920946550321731,40.0473791417673
284,0.534,0.9212147125096865,40.0473791417673
285,0.535,0.9215555866818794,40.0473791417673
286,0.536,0.9217850881535892,40.0473791417673
287,0.537,0.92210253094186,40.0473791417673
288,0.538,0.9224058629714048,40.0473791417673
289,0.539,0.922639707277082,40.0473791417673
290,0.54,0.9228982838157026,40.0473791417673
291,0.541,0.923094933759413,40.0473791417673
292,0.542,0.9233408430616972,40.0473791417673
293,0.543,0.9235479290229522,40.0473791417673
294,0.544,0.9237730037893964,40.0473791417673
295,0.545,0.924018594421241,40.0473791417673
296,0.546,0.9242995864043319,40.0473791417673
297,0.547,0.9245265241673186,40.0473791417673
298,0.548,0.9248149457612274,40.0473791417673
299,0.549,0.9250182251955978,40.0473791417673
300,0.55,0.9253304716342878,40.0473791417673
301,0.551,0.9250534139489063,39.1067515350356
302,0.552,0.9253307697394796,39.1067515350356
303,0.553,0.9255994306874129,39.1067515350356
304,0.554,0.9258580169867252,39.1067515350356
305,0.555,0.9261351301933409,39.1067515350356
306,0.556,0.9263696930587597,39.1067515350356
307,0.557,0.9266441888756929,39.1067515350356
308,0.558,0.9268484227241174,39.1067515350356
309,0.559,0.9270415270564111,39.1067515350356
310,0.56,0.9273072906358548,39.1067515350356
311,0.561,0.9274983668173852,39.1067515350356
312,0.562,0.9277721137408482,39.1067515350356
313,0.563,0.9280399454189732,39.1067515350356
314,0.564,0.927839428343926,38.1882172665823
315,0.565,0.9281600904652245,38.1882172665823
316,0.566,0.9283687429137689,38.1882172665823
317,0.567,0.9286776896451893,38.1882172665823
318,0.568,0.9289374474211762,38.1882172665823
319,0.569,0.9292241554553328,38.1882172665823
320,0.57,0.92949729674034,38.1882172665823
321,0.571,0.9297839292287717,38.1882172665823
322,0.572,0.9296443711171082,37.291257410965905
323,0.573,0.9299087090684183,37.291257410965905
324,0.574,0.9301711786703035,37.291257410965905
325,0.575,0.9304119374573548,37.291257410965905
326,0.576,0.9306890180923751,37.291257410965905
327,0.577,0.9309723477068899,37.291257410965905
328,0.578,0.931221920313679,37.291257410965905
329,0.579,0.9314746101956227,37.291257410965905
330,0.58,0.9317511555524577,37.291257410965905
331,0.581,0.9319623825518193,37.291257410965905
332,0.582,0.9318244891548969,36.4153652311974
333,0.583,0.9320866061584598,36.4153652311974
334,0.584,0.9322896837408914,36.4153652311974
335,0.585,0.932562376913357,36.4153652311974
336,0.586,0.9328238767793239,36.4153652311974
337,0.587,0.9330348023915823,36.4153652311974
338,0.588,0.9332730064578552,36.4153652311974
339,0.589,0.9335224563982989,36.4153652311974
340,0.59,0.9337788748532528,36.4153652311974
341,0.591,0.9339982653812493,36.4153652311974
342,0.592,0.9342843102918513,36.4153652311974
343,0.593,0.9345154380042876,36.4153652311974
344,0.594,0.9347214816672283,36.4153652311974
345,0.595,0.9346605686493678,35.5600458924605
346,0.596,0.934917847450672,35.5600458924605
347,0.597,0.9351169580797198,35.5600458924605
348,0.598,0.9353751235114548,35.5600458924605
349,0.599,0.9356390607298081,35.5600458924605
350,0.6,0.9358094081789134,35.5600458924605
351,0.601,0.9360648495673272,35.5600458924605
352,0.602,0.936307201176938,35.5600458924605
353,0.603,0.9365568421411143,35.5600458924605
354,0.604,0.9368008928503644,35.5600458924605
355,0.605,0.937025708257377,35.5600458924605
356,0.606,0.9372868245373394,35.5600458924605
357,0.607,0.937487269717665,35.5600458924605
358,0.608,0.937698053041073,35.5600458924605
359,0.609,0.9379352981634025,35.5600458924605
360,0.61,0.9378207153266032,34.7248161825539
361,0.611,0.9380493979432593,34.7248161825539
362,0.612,0.9382987420830255,34.7248161825539
363,0.613,0.9385151866735028,34.7248161825539
364,0.614,0.9387266322824899,34.7248161825539
365,0.615,0.9389660691894388,34.7248161825539
366,0.616,0.9392376289507067,34.7248161825539
367,0.617,0.9394388023898664,34.7248161825539
368,0.618,0.9396799646404458,34.7248161825539
369,0.619,0.9399180447686077,34.7248161825539
370,0.62,0.9401773419782994,34.7248161825539
371,0.621,0.9403948937061958,34.7248161825539
372,0.622,0.9406373509528775,34.7248161825539
373,0.623,0.9408569794099134,34.7248161825539
374,0.624,0.9410683535646321,34.7248161825539
375,0.625,0.940977881195487,33.9092042389017
376,0.626,0.9411896467606289,33.9092042389017
377,0.627,0.941444140169135,33.9092042389017
378,0.628,0.9416647221840945,33.9092042389017
379,0.629,0.9419032956913501,33.9092042389017
380,0.63,0.9421325400084205,33.9092042389017
381,0.631,0.9423422462762159,33.9092042389017
382,0.632,0.9425685893566975,33.9092042389017
383,0.633,0.9428070285976112,33.9092042389017
384,0.634,0.9430416406719196,33.9092042389017
385,0.635,0.9432576212987984,33.9092042389017
386,0.636,0.943475235761837,33.9092042389017
387,0.637,0.9436625090711505,33.9092042389017
388,0.638,0.9438657848698261,33.9092042389017
389,0.639,0.9440501335189272,33.9092042389017
390,0.64,0.9442504272255514,33.9092042389017
391,0.641,0.9444507122561455,33.9092042389017
392,0.642,0.9446662513045929,33.9092042389017
393,0.643,0.9448721803867214,33.9092042389017
394,0.644,0.9450956280757984,33.9092042389017
395,0.645,0.9453131702612552,33.9092042389017
396,0.646,0.94522462437665,33.1127492819742
397,0.647,0.9454540500095588,33.1127492819742
398,0.648,0.9456470797774319,33.1127492819742
399,0.649,0.9458781999108072,33.1127492819742
400,0.65,0.9460604458854553,33.1127492819742
401,0.651,0.9463035166350728,33.1127492819742
402,0.652,0.9465173242069747,33.1127492819742
403,0.653,0.9467392848648789,33.1127492819742
404,0.654,0.946955167357094,33.1127492819742
405,0.655,0.9471482183059475,33.1127492819742
406,0.656,0.9473622561676149,33.1127492819742
407,0.657,0.9475748658768057,33.1127492819742
408,0.658,0.9477418815518809,33.1127492819742
409,0.659,0.9479398661020164,33.1127492819742
410,0.66,0.9481597700780928,33.1127492819742
411,0.661,0.9483522532614953,33.1127492819742
412,0.662,0.9485528871710299,33.1127492819742
413,0.663,0.9487510005670667,33.1127492819742
414,0.664,0.948951602490921,33.1127492819742
415,0.665,0.9491655115662597,33.1127492819742
416,0.666,0.9493701051183988,33.1127492819742
417,0.667,0.9495742354537793,33.1127492819742
418,0.668,0.9497725968941988,33.1127492819742
419,0.669,0.9499687820272424,33.1127492819742
420,0.67,0.9501880236304181,33.1127492819742
421,0.671,0.9504075535257523,33.1127492819742
422,0.672,0.9503447754567602,32.335001354971205
423,0.673,0.950531634778503,32.335001354971205
424,0.674,0.9507331201304089,32.335001354971205
425,0.675,0.9509433442131976,32.335001354971205
426,0.676,0.9511288332259844,32.335001354971205
427,0.677,0.9513040852317316,32.335001354971205
428,0.678,0.9514825467624202,32.335001354971205
429,0.679,0.9516739391555397,32.335001354971205
430,0.68,0.9518701216836974,32.335001354971205
431,0.681,0.9520743189908373,32.335001354971205
432,0.682,0.9522869466404285,32.335001354971205
433,0.683,0.9524617452062928,32.335001354971205
434,0.684,0.952683915349374,32.335001354971205
435,0.685,0.9528731429602012,32.335001354971205
436,0.686,0.9530697427511102,32.335001354971205
437,0.687,0.9532736204665275,32.335001354971205
438,0.688,0.9535002915326021,32.335001354971205
439,0.689,0.9537284049860826,32.335001354971205
440,0.69,0.9539167659266794,32.335001354971205
441,0.691,0.9541486521160947,32.335001354971205
442,0.692,0.9541221996222077,31.5755210696191
443,0.693,0.9543454637016784,31.5755210696191
444,0.694,0.9545522817379016,31.5755210696191
445,0.695,0.9547763238150722,31.5755210696191
446,0.696,0.9549960339565053,31.5755210696191
447,0.697,0.9552149770981703,31.5755210696191
448,0.698,0.9554289911195691,31.5755210696191
449,0.699,0.955654143871899,31.5755210696191
450,0.7,0.9558691038727853,31.5755210696191
451,0.701,0.9560867757126655,31.5755210696191
452,0.702,0.9562865103852478,31.5755210696191
453,0.703,0.9564920467103885,31.5755210696191
454,0.704,0.9567119997016983,31.5755210696191
455,0.705,0.9569370187090832,31.5755210696191
456,0.706,0.95691457708297,30.8338793579384
457,0.707,0.9571165183149691,30.8338793579384
458,0.708,0.9573268896043139,30.8338793579384
459,0.709,0.9575299556831435,30.8338793579384
460,0.71,0.9577188388292548,30.8338793579384
461,0.711,0.957895124298079,30.8338793579384
462,0.712,0.9580913119858429,30.8338793579384
463,0.713,0.9583139963830702,30.8338793579384
464,0.714,0.9585191390995071,30.8338793579384
465,0.715,0.9587187254827442,30.8338793579384
466,0.716,0.9589251972918361,30.8338793579384
467,0.717,0.9591097104745349,30.8338793579384
468,0.718,0.9593176409200215,30.8338793579384
469,0.719,0.9595066744958836,30.8338793579384
470,0.72,0.959714150986275,30.8338793579384
471,0.721,0.9599099252076084,30.8338793579384
472,0.722,0.96012680245815,30.8338793579384
473,0.723,0.9603272531093023,30.8338793579384
474,0.724,0.9605352472820213,30.8338793579384
475,0.725,0.9605404906907292,30.1096572298425
476,0.726,0.9607606275593108,30.1096572298425
477,0.727,0.9609641786883764,30.1096572298425
478,0.728,0.9611573232494072,30.1096572298425
479,0.729,0.9613673986561252,30.1096572298425
480,0.73,0.9615756405821966,30.1096572298425
481,0.731,0.96178255752729,30.1096572298425
482,0.732,0.9619669129696699,30.1096572298425
483,0.733,0.9621628834762093,30.1096572298425
484,0.734,0.962372069636193,30.1096572298425
485,0.735,0.9625807371196964,30.1096572298425
486,0.736,0.9627703304656269,30.1096572298425
487,0.737,0.9629622181823726,30.1096572298425
488,0.738,0.963133899529252,30.1096572298425
489,0.739,0.963302800405069,30.1096572298425
490,0.74,0.9634913274039195,30.1096572298425
491,0.741,0.9636831585719244,30.1096572298425
492,0.742,0.9638660358960506,30.1096572298425
493,0.743,0.9640382276475902,30.1096572298425
494,0.744,0.9642359937913737,30.1096572298425
495,0.745,0.9642227922886729,29.4024455364291
496,0.746,0.9644011909090523,29.4024455364291
497,0.747,0.9645886698048515,29.4024455364291
498,0.748,0.964773096640891,29.4024455364291
499,0.749,0.9649683008799471,29.4024455364291
500,0.75,0.9651617694762291,29.4024455364291
501,0.751,0.9653531207944246,29.4024455364291
502,0.752,0.9655530056352073,29.4024455364291
503,0.753,0.9657214367018535,29.4024455364291
504,0.754,0.9659038314898605,29.4024455364291
505,0.755,0.9661005507317271,29.4024455364291
506,0.756,0.966298185184581,29.4024455364291
507,0.757,0.9664967556496363,29.4024455364291
508,0.758,0.9666996715319521,29.4024455364291
509,0.759,0.966904374918158,29.4024455364291
510,0.76,0.9671117437757585,29.4024455364291
511,0.761,0.9673085702029415,29.4024455364291
512,0.762,0.9674759832650551,29.4024455364291
513,0.763,0.9676735363087521,29.4024455364291
514,0.764,0.9678652751613598,29.4024455364291
515,0.765,0.9680551341394725,29.4024455364291
516,0.766,0.9682613997730688,29.4024455364291
517,0.767,0.9684601958343235,29.4024455364291
518,0.768,0.9686539261857567,29.4024455364291
519,0.769,0.9688350225516832,29.4024455364291
520,0.77,0.9690184104854541,29.4024455364291
521,0.771,0.9691870051228477,29.4024455364291
522,0.772,0.9693525526022063,29.4024455364291
523,0.773,0.9695190539845336,29.4024455364291
524,0.774,0.9696894792465526,29.4024455364291
525,0.775,0.969870885798596,29.4024455364291
526,0.776,0.9700407699941136,29.4024455364291
527,0.777,0.9701992646780742,29.4024455364291
528,0.778,0.9703598885772861,29.4024455364291
529,0.779,0.9705321163772263,29.4024455364291
530,0.78,0.9707090218771065,29.4024455364291
531,0.781,0.970871674970037,29.4024455364291
532,0.782,0.9710213143297566,29.4024455364291
533,0.783,0.9711720609265074,29.4024455364291
534,0.784,0.9713418740683036,29.4024455364291
535,0.785,0.9715161347342668,29.4024455364291
536,0.786,0.9716928032035874,29.4024455364291
537,0.787,0.971855322347615,29.4024455364291
538,0.788,0.972015137297355,29.4024455364291
539,0.789,0.972174206194553,29.4024455364291
540,0.79,0.9723406911749167,29.4024455364291
541,0.791,0.972515678195445,29.4024455364291
542,0.792,0.9726869111261794,29.4024455364291
543,0.793,0.9730341152771889,30.1096572298425
544,0.794,0.9731969535313938,30.1096572298425
545,0.795,0.9733820128141858,30.1096572298425
546,0.796,0.9733648798296328,29.4024455364291
547,0.797,0.9735515984599074,29.4024455364291
548,0.798,0.973734009724983,29.4024455364291
549,0.799,0.9739223170919419,29.4024455364291
550,0.8,0.9741240377965686,29.4024455364291
551,0.801,0.9743121146515518,29.4024455364291
552,0.802,0.9744842353288514,29.4024455364291
553,0.803,0.9746717214981543,29.4024455364291
554,0.804,0.9748695942387205,29.4024455364291
555,0.805,0.975051531855168,29.4024455364291
556,0.806,0.975228704840795,29.4024455364291
557,0.807,0.9754128460213002,29.4024455364291
558,0.808,0.975587722242511,29.4024455364291
559,0.809,0.9757610571418687,29.4024455364291
560,0.81,0.9759446714366399,29.4024455364291
561,0.811,0.9761497142149291,29.4024455364291
562,0.812,0.9763465958937708,29.4024455364291
563,0.813,0.9764990022170131,29.4024455364291
564,0.814,0.9766651048326852,29.4024455364291
565,0.815,0.9768385800044985,29.4024455364291
566,0.816,0.9769959276059936,29.4024455364291
567,0.817,0.9771608637392764,29.4024455364291
568,0.818,0.9773220374145739,29.4024455364291
569,0.819,0.977501819492982,29.4024455364291
570,0.82,0.9776879195751729,29.4024455364291
571,0.821,0.9778500609297355,29.4024455364291
572,0.822,0.978025950040329,29.4024455364291
573,0.823,0.9781960489081202,29.4024455364291
574,0.824,0.9783576406971263,29.4024455364291
575,0.825,0.9784940737785416,29.4024455364291
576,0.826,0.9786593804062277,29.4024455364291
577,0.827,0.9788395978170068,29.4024455364291
578,0.828,0.9790050177520252,29.4024455364291
579,0.829,0.9791659254717815,29.4024455364291
580,0.83,0.9793417244246071,29.4024455364291
581,0.831,0.9795224024768293,29.4024455364291
582,0.832,0.979690002961999,29.4024455364291
583,0.833,0.9798507670464454,29.4024455364291
584,0.834,0.9800271455365944,29.4024455364291
585,0.835,0.9802231596666179,29.4024455364291
586,0.836,0.9804065691149161,29.4024455364291
587,0.837,0.9805811111041013,29.4024455364291
588,0.838,0.9807488520039246,29.4024455364291
589,0.839,0.9809041097885264,29.4024455364291
590,0.84,0.9810993628785234,29.4024455364291
591,0.841,0.9812680126706406,29.4024455364291
592,0.842,0.9814606911909194,29.4024455364291
593,0.843,0.9816279520822022,29.4024455364291
594,0.844,0.9816285195672353,28.711844738831598
595,0.845,0.9818025888625515,28.711844738831598
596,0.846,0.9819686522291695,28.711844738831598
597,0.847,0.9821591978113323,28.711844738831598
598,0.848,0.9823320643546416,28.711844738831598
599,0.849,0.9825125809141092,28.711844738831598
600,0.85,0.982681753265943,28.711844738831598
601,0.851,0.9828704321788619,28.711844738831598
602,0.852,0.9830586809957328,28.711844738831598
603,0.853,0.9832496732072561,28.711844738831598
604,0.854,0.9834022327335217,28.711844738831598
605,0.855,0.9835743623775928,28.711844738831598
606,0.856,0.9837528852976877,28.711844738831598
607,0.857,0.9839193221973215,28.711844738831598
608,0.858,0.9840985820162387,28.711844738831598
609,0.859,0.984298776998434,28.711844738831598
610,0.86,0.9844698894720957,28.711844738831598
611,0.861,0.9846480125885979,28.711844738831598
612,0.862,0.9848216018889759,28.711844738831598
613,0.863,0.9849978661584042,28.711844738831598
614,0.864,0.9851896412768436,28.711844738831598
615,0.865,0.985373919412987,28.711844738831598
616,0.866,0.9855770278778131,28.711844738831598
617,0.867,0.985755691379132,28.711844738831598
618,0.868,0.985930003209316,28.711844738831598
619,0.869,0.9861049347912838,28.711844738831598
620,0.87,0.9862798746002773,28.711844738831598
621,0.871,0.9864549755155574,28.711844738831598
622,0.872,0.9866274344191899,28.711844738831598
623,0.873,0.9868292205178888,28.711844738831598
624,0.874,0.9869914634634367,28.711844738831598
625,0.875,0.9871717365197978,28.711844738831598
626,0.876,0.9873544322872096,28.711844738831598
627,0.877,0.9875383552441455,28.711844738831598
628,0.878,0.9877102414332309,28.711844738831598
629,0.879,0.9878948869963735,28.711844738831598
630,0.88,0.9880802277436399,28.711844738831598
631,0.881,0.9880837591771138,28.0374646825004
632,0.882,0.9882639756909681,28.0374646825004
633,0.883,0.988454904097683,28.0374646825004
634,0.884,0.9886199844645512,28.0374646825004
635,0.885,0.9887722125711274,28.0374646825004
636,0.886,0.9889379385491787,28.0374646825004
637,0.887,0.9891198603136045,28.0374646825004
638,0.888,0.9892721490839237,28.0374646825004
639,0.889,0.9894471412412014,28.0374646825004
640,0.89,0.9896139513885513,28.0374646825004
641,0.891,0.9897663798920208,28.0374646825004
642,0.892,0.9899359150124443,28.0374646825004
643,0.893,0.9901136246372528,28.0374646825004
644,0.894,0.9902800235742112,28.0374646825004
645,0.895,0.9904067815160017,28.0374646825004
646,0.896,0.9905705846571193,28.0374646825004
647,0.897,0.9909066596983679,28.711844738831598
648,0.898,0.9910489697919914,28.711844738831598
649,0.899,0.9912102459268047,28.711844738831598
650,0.9,0.9913828203276677,28.711844738831598
651,0.901,0.9915500526522416,28.711844738831598
652,0.902,0.9916997329047402,28.711844738831598
653,0.903,0.9916884397637512,28.0374646825004
654,0.904,0.9918569192689748,28.0374646825004
655,0.905,0.9921994883847215,28.711844738831598
656,0.906,0.992354925448192,28.711844738831598
657,0.907,0.9925225674957294,28.711844738831598
658,0.908,0.9927038228090874,28.711844738831598
659,0.909,0.9927118283497814,28.0374646825004
660,0.91,0.9928926563659497,28.0374646825004
661,0.911,0.9930425190924445,28.0374646825004
662,0.912,0.9932233654242286,28.0374646825004
663,0.913,0.9934240373953122,28.0374646825004
664,0.914,0.993600860219096,28.0374646825004
665,0.915,0.9937884168201757,28.0374646825004
666,0.916,0.9939819728223497,28.0374646825004
667,0.917,0.9941734142875052,28.0374646825004
668,0.918,0.9943752710132874,28.0374646825004
669,0.919,0.9945542324923708,28.0374646825004
670,0.92,0.9947448307097545,28.0374646825004
671,0.921,0.9949356662602837,28.0374646825004
672,0.922,0.9951424302451902,28.0374646825004
673,0.923,0.9953424725192175,28.0374646825004
674,0.924,0.9955415426132818,28.0374646825004
675,0.925,0.9955442876189944,27.378924376784898
676,0.926,0.9957371367453299,27.378924376784898
677,0.927,0.9959202455464953,27.378924376784898
678,0.928,0.996098026385068,27.378924376784898
679,0.929,0.9962750268809211,27.378924376784898
680,0.93,0.9964579884268823,27.378924376784898
681,0.931,0.9966461652964655,27.378924376784898
682,0.932,0.9968269587051428,27.378924376784898
683,0.933,0.9969896960153671,27.378924376784898
684,0.934,0.9971763340031888,27.378924376784898
685,0.935,0.9973534690440228,27.378924376784898
686,0.936,0.9975363168894487,27.378924376784898
687,0.937,0.9976948439218178,27.378924376784898
688,0.938,0.9978631866894244,27.378924376784898
689,0.939,0.9980396745301919,27.378924376784898
690,0.94,0.9982230846630772,27.378924376784898
691,0.941,0.9984044479912447,27.378924376784898
692,0.942,0.9985786981239303,27.378924376784898
693,0.943,0.9987576635447446,27.378924376784898
694,0.944,0.9989282205343004,27.378924376784898
695,0.945,0.9991049584317143,27.378924376784898
696,0.946,0.999265486076954,27.378924376784898
697,0.947,0.9994340668881578,27.378924376784898
698,0.948,0.9995970085660508,27.378924376784898
699,0.949,0.9997635128958581,27.378924376784898
700,0.95,0.999931248722021,27.378924376784898
701,0.951,1.000101779882984,27.378924376784898
702,0.952,1.0002597508897335,27.378924376784898
703,0.953,1.0004263724237772,27.378924376784898
704,0.954,1.0006001772538542,27.378924376784898
705,0.955,1.0007518178096473,27.378924376784898
706,0.956,1.0008923920807287,27.378924376784898
707,0.957,1.001050671694488,27.378924376784898
708,0.958,1.0012147796522677,27.378924376784898
709,0.959,1.001383274199173,27.378924376784898
710,0.96,1.0015436664244455,27.378924376784898
711,0.961,1.0017068940311982,27.378924376784898
712,0.962,1.0018701678096313,27.378924376784898
713,0.963,1.0020358444453892,27.378924376784898
714,0.964,1.002203695193729,27.378924376784898
715,0.965,1.0022255527054582,26.7358517796929
716,0.966,1.0023938648806838,26.7358517796929
717,0.967,1.002557778894629,26.7358517796929
718,0.968,1.0027344051024056,26.7358517796929
719,0.969,1.0029088210093402,26.7358517796929
720,0.97,1.0030890825073056,26.7358517796929
721,0.971,1.0032831886194538,26.7358517796929
722,0.972,1.0034572647916122,26.7358517796929
723,0.973,1.003625231771196,26.7358517796929
724,0.974,1.0038029462138378,26.7358517796929
725,0.975,1.0039702294097719,26.7358517796929
726,0.976,1.0041445978345107,26.7358517796929
727,0.977,1.00430632485333,26.7358517796929
728,0.978,1.0044769653159638,26.7358517796929
729,0.979,1.0046461886012223,26.7358517796929
730,0.98,1.0046769717705601,26.107883587706002
731,0.981,1.0048517910336583,26.107883587706002
732,0.982,1.005014556570198,26.107883587706002
733,0.983,1.0052102597095736,26.107883587706002
734,0.984,1.0053950986945668,26.107883587706002
735,0.985,1.0055681212411858,26.107883587706002
736,0.986,1.0057382807367354,26.107883587706002
737,0.987,1.0059002355705609,26.107883587706002
738,0.988,1.0060776541294851,26.107883587706002
739,0.989,1.0062666320116855,26.107883587706002
740,0.99,1.0064493486842916,26.107883587706002
741,0.991,1.0066347671137585,26.107883587706002
742,0.992,1.006798951332171,26.107883587706002
743,0.993,1.0069690458333966,26.107883587706002
744,0.994,1.007132674162268,26.107883587706002
745,0.995,1.0072967561677504,26.107883587706002
746,0.996,1.0074615884657872,26.107883587706002
747,0.997,1.0076354039456945,26.107883587706002
748,0.998,1.0078126700125967,26.107883587706002
749,0.999,1.0079849088753163,26.107883587706002
750,1.0,1.0081543806459783,26.107883587706002
751,1.001,1.0083174561680741,26.107883587706002
752,1.002,1.0084802283184764,26.107883587706002
753,1.003,1.008646912885763,26.107883587706002
754,1.004,1.008819147132335,26.107883587706002
755,1.005,1.0089949319425882,26.107883587706002
756,1.006,1.0090391653715869,25.4946650305315
757,1.007,1.0092135193025584,25.4946650305315
758,1.008,1.0093890466219535,25.4946650305315
759,1.009,1.0095635885713272,25.4946650305315
760,1.01,1.0097358461105796,25.4946650305315
761,1.011,1.0099124146469423,25.4946650305315
762,1.012,1.0100898811159083,25.4946650305315
763,1.013,1.0102605845011905,25.4946650305315
764,1.014,1.0104387352488327,25.4946650305315
765,1.015,1.0106141257775403,25.4946650305315
766,1.016,1.010787210479982,25.4946650305315
767,1.017,1.010965087997671,25.4946650305315
768,1.018,1.0110137213847903,24.8958496706748
769,1.019,1.0111972146841754,24.8958496706748
770,1.02,1.011382632546052,24.8958496706748
771,1.021,1.0115566016095383,24.8958496706748
772,1.022,1.0117278819576645,24.8958496706748
773,1.023,1.0119109949551566,24.8958496706748
774,1.024,1.012089104710879,24.8958496706748
775,1.025,1.012263322950909,24.8958496706748
776,1.026,1.0124465244796925,24.8958496706748
777,1.027,1.012606097861983,24.8958496706748
778,1.028,1.0127817295929518,24.8958496706748
779,1.029,1.012947698268196,24.8958496706748
780,1.03,1.0131060532317266,24.8958496706748
781,1.031,1.0132691102217442,24.8958496706748
782,1.032,1.0134203361632013,24.8958496706748
783,1.033,1.0135786012830985,24.8958496706748
784,1.034,1.0137329145925584,24.8958496706748
785,1.035,1.0139095088550594,24.8958496706748
786,1.036,1.0139735202032816,24.3
787,1.037,1.0141464116771814,24.3
788,1.038,1.0143159726455675,24.3
789,1.039,1.0144893098373693,24.3
790,1.04,1.0146426074727515,24.3
791,1.041,1.0148158236810514,24.3
792,1.042,1.0149873777805376,24.3
793,1.043,1.0151535403280152,24.3
794,1.044,1.0153176161353854,24.3
795,1.045,1.0154742109885042,24.3
796,1.046,1.015638874101996,24.3
797,1.047,1.0158049576069998,24.3
798,1.048,1.015969927882749,24.3
799,1.049,1.0161461501532543,24.3
800,1.05,1.016317029489439,24.3
801,1.051,1.0164833287968138,24.3
802,1.052,1.0166528685798588,24.3
803,1.053,1.0168212925883624,24.3
804,1.054,1.0169848491387161,24.3
805,1.055,1.0171563956369465,24.3
806,1.056,1.0172109682546024,23.7
807,1.057,1.0173793631251113,23.7
808,1.058,1.0175347046065504,23.7
809,1.059,1.0177034569337144,23.7
810,1.06,1.0178666550147073,23.7
811,1.061,1.0180290572051582,23.7
812,1.062,1.018193045960859,23.7
813,1.063,1.0183469453130416,23.7
814,1.064,1.0185217564174531,23.7
815,1.065,1.0186924998973008,23.7
816,1.066,1.0188636889151708,23.7
817,1.067,1.0190264671385676,23.7
818,1.068,1.019199643672314,23.7
819,1.069,1.0193706527595423,23.7
820,1.07,1.0195364637939726,23.7
821,1.071,1.0197072145914938,23.7
822,1.072,1.0198692031464336,23.7
823,1.073,1.0200396562239094,23.7
824,1.074,1.0201993999502093,23.7
825,1.075,1.0202619157922976,23.1
826,1.076,1.0204262477948427,23.1
827,1.077,1.020594724535836,23.1
828,1.078,1.0207546873871105,23.1
829,1.079,1.0209167465350906,23.1
830,1.08,1.021069839246632,23.1
831,1.081,1.0212246302081673,23.1
832,1.082,1.021378925148504,23.1
833,1.083,1.0215446886100512,23.1
834,1.084,1.0217010353377485,23.1
835,1.085,1.0218677905958717,23.1
836,1.086,1.0220262798606887,23.1
837,1.087,1.0221896227427718,23.1
838,1.088,1.0223525876767356,23.1
839,1.089,1.0225183391852066,23.1
840,1.09,1.0226823223260522,23.1
841,1.091,1.0228403832255726,23.1
842,1.092,1.0230008107288342,23.1
843,1.093,1.0231591187558282,23.1
844,1.094,1.023317005270004,23.1
845,1.095,1.0234785580064567,23.1
846,1.096,1.0236422697083034,23.1
847,1.097,1.023796571057561,23.1
848,1.098,1.0239588990587876,23.1
849,1.099,1.0241143866942193,23.1
850,1.1,1.0242810013322503,23.1
851,1.101,1.0244331252786758,23.1
852,1.102,1.0245973167936318,23.1
853,1.103,1.0246544782912246,22.5
854,1.104,1.0248175510879964,22.5
855,1.105,1.024974490034599,22.5
856,1.106,1.0251294191924225,22.5
857,1.107,1.0252865642475826,22.5
858,1.108,1.0254504449097193,22.5
859,1.109,1.0256119596120612,22.5
860,1.11,1.025766912644212,22.5
861,1.111,1.025926175223119,22.5
862,1.112,1.0260865768477803,22.5
863,1.113,1.0262544484028442,22.5
864,1.114,1.0264152148035146,22.5
865,1.115,1.026581397941082,22.5
866,1.116,1.0267457823159294,22.5
867,1.117,1.0269147025767815,22.5
868,1.118,1.0270785390256685,22.5
869,1.119,1.0272412049602717,22.5
870,1.12,1.027405312164171,22.5
871,1.121,1.0275666302120983,22.5
872,1.122,1.027730278301407,22.5
873,1.123,1.027891990302858,22.5
874,1.124,1.0280549895097828,22.5
875,1.125,1.0282152961081745,22.5
876,1.126,1.028379928783855,22.5
877,1.127,1.0285390334241322,22.5
878,1.128,1.02869626617134,22.5
879,1.129,1.028846394331912,22.5
880,1.13,1.0289992732170181,22.5
881,1.131,1.0291547098050062,22.5
882,1.132,1.029310737848867,22.5
883,1.133,1.029466739792592,22.5
884,1.134,1.02962200188081,22.5
885,1.135,1.0296874193160455,21.9
886,1.136,1.0298457919597257,21.9
887,1.137,1.0299986177895262,21.9
888,1.138,1.0301513710819448,21.9
889,1.139,1.0303090322989183,21.9
890,1.14,1.0304634972176505,21.9
891,1.141,1.0306234219338473,21.9
892,1.142,1.0307740963144185,21.9
893,1.143,1.0309304901778737,21.9
894,1.144,1.03109024596179,21.9
895,1.145,1.0312503743115629,21.9
896,1.146,1.031404511476798,21.9
897,1.147,1.0315745700009298,21.9
898,1.148,1.031727624783877,21.9
899,1.148,1.031727624783877,21.9
900,1.15,1.0320412967434238,21.9
901,1.151,1.0321994331230404,21.9
902,1.152,1.0323524983260137,21.9
903,1.153,1.032512446812928,21.9
904,1.154,1.0326702825713263,21.9
905,1.155,1.0328339456852793,21.9
906,1.156,1.0329822064059164,21.9
907,1.157,1.0331397116254768,21.9
908,1.158,1.03320241893224,21.3
909,1.159,1.033361374699053,21.3
910,1.16,1.033520214348671,21.3
911,1.161,1.033677132810407,21.3
912,1.162,1.033828842956981,21.3
913,1.163,1.0339866311831687,21.3
914,1.164,1.0341483644738407,21.3
915,1.165,1.0342934674707627,21.3
916,1.166,1.0344622648426682,21.3
917,1.167,1.0346185444583866,21.3
918,1.168,1.0347815218690808,21.3
919,1.169,1.0349346845980187,21.3
920,1.17,1.0350945261086926,21.3
921,1.171,1.0352455000517466,21.3
922,1.172,1.0354008917035986,21.3
923,1.173,1.035556312400003,21.3
924,1.174,1.0357046492628736,21.3
925,1.175,1.0358576584670744,21.3
926,1.176,1.035999836017729,21.3
927,1.177,1.036157105118489,21.3
928,1.178,1.0363048526043317,21.3
929,1.179,1.0364589345836577,21.3
930,1.18,1.0366087414433456,21.3
931,1.181,1.0367611542949255,21.3
932,1.182,1.0369191965276392,21.3
933,1.183,1.037075439669481,21.3
934,1.184,1.03723547542845,21.3
935,1.185,1.0373899234333632,21.3
936,1.186,1.0375518010778289,21.3
937,1.187,1.0377045557248017,21.3
938,1.188,1.0378631347929461,21.3
939,1.189,1.0380116149364134,21.3
940,1.19,1.0381675652056197,21.3
941,1.191,1.038313648683926,21.3
942,1.192,1.0384611942886504,21.3
943,1.193,1.0386122466899192,21.3
944,1.194,1.038761667451346,21.3
945,1.195,1.0389163618925978,21.3
946,1.196,1.0390668839743153,21.3
947,1.197,1.0391482448680738,20.7
948,1.198,1.0393052630039878,20.7
949,1.199,1.0394629276904537,20.7
950,1.2,1.039615333328315,20.7
951,1.201,1.0397723949701387,20.7
952,1.202,1.0399267657880031,20.7
953,1.203,1.0400776420021354,20.7
954,1.204,1.0402344610132204,20.7
955,1.205,1.0403806518691534,20.7
956,1.206,1.0405358932128657,20.7
957,1.207,1.0406861367405418,20.7
958,1.208,1.040837964539324,20.7
959,1.209,1.0409868046023427,20.7
960,1.21,1.0411341592495043,20.7
961,1.211,1.041289542924267,20.7
